{"cameraMode":{"drawMode":0,"name":"Shaded","section":"Shading Mode"},"sceneLighting":false,"audioPlay":false,"sceneViewState":{"m_AlwaysRefresh":false,"showFog":true,"showSkybox":false,"showFlares":true,"showImageEffects":true,"showParticleSystems":true,"showVisualEffectGraphs":true,"m_FxEnabled":true},"in2DMode":false,"pivot":{"x":-23.104684829711915,"y":-4.012866973876953,"z":28.595661163330079},"rotation":{"x":0.22743457555770875,"y":0.02190827950835228,"z":-0.005118051543831825,"w":0.9735379219055176},"size":22.392066955566408,"orthographic":false}